routeId,originHubId,destinationHubId,distanceKm,typicalDelayMin
 RT-00001 ,WH-070,WH-046,541.82,315
RT-00002,WH-024,WH-084,619.89,44
rt-00003,wh-078,WH-095,349.93,177
RT-00004,WH-042,WH-072,656.18,269
RT-00005,WH-002,WH-014,354.96,291

RT-00006,WH-064,WH-055,1209.40,121
RT-00007, WH-041 ,WH-093,1017.14,176
RT-00008,WH-013,WH-066,468.66,311
RT-00009,WH-093,WH-019,631.04,146
RT-00010,WH-006,wh-057, 153.54960100221612 ,139
rt-00011,WH-056,WH-024, 714.652826553453 ,29
RT-00012,WH-072,WH-039,1440.69,154
RT-00013,WH-070,WH-082,214.34,195
,WH-011,WH-014,444.54,52
 RT-00015 ,WH-051,WH-048,141.45,85
rt-00016,WH-006,WH-045, 378.5229264888873 ,220
RT-00017,WH-025,WH-048,1140.87,159
RT-00018,WH-034,,145.09,178
RT-00019,WH-010,WH-051,1054.43,225
RT-00020,WH-095,WH-043,1283.34,210
RT-00021,WH-043,WH-071,542.50,282
RT-00022,WH-090,WH-074,824.40,223
RT-00023, WH-001 ,WH-072,1101.77,211
RT-00024,wh-056, WH-054 ,458.45,133
RT-00025,WH-076,WH-072,204.25,154
RT-00026,WH-078,WH-091,123.25,189
RT-00027,WH-092,WH-097,553.96,312
RT-00028,WH-070,WH-051,988.69, 56 
RT-00029,WH-090,WH-049,729.77
rt-00030,WH-052,wh-047,1106.17,151
RT-00031,WH-001,WH-089,585.92,24
RT-00032,wh-074,WH-045,1498.24,58
RT-00033,WH-026,WH-069,899.105005416322km,87
RT-00034,WH-012,WH-071,1458.39,171
RT-00035,WH-094,WH-047,1327.18,102
RT-00036, WH-010 ,WH-020,128.95,167

RT-00037,WH-032,WH-069,286.07,48
 RT-00038 ,WH-077,WH-032,1496.88,203
rt-00039,WH-043,WH-071,1344.70,295
RT-00040,WH-020, WH-001 ,215.75,88
RT-00041,WH-049,WH-036,805.49,279
RT-00042, WH-092 ,WH-026,N/A,N/A
RT-00043,WH-012,WH-056,743.47,304
RT-00044,WH-026,wh-067,1037.56,312
RT-00045,WH-017,WH-038,872.28,311
RT-00046,WH-081,WH-071,621.99,301
RT-00047,WH-024,WH-008,1231.74,357
RT-00048,WH-006,WH-099,207.59,N/A
RT-00049,WH-027,WH-064,336.24,132
RT-00050,WH-037,WH-012,458.50,202
RT-00051,WH-075,WH-081,N/A
rt-00052,WH-004,WH-056,295.09,338
RT-00053,WH-078,WH-009,1062.79,63
RT-00054,WH-052,WH-013,45.73,268
RT-00055,WH-073,WH-016,661.47,53
RT-00056,WH-086,WH-087,722.86,285
RT-00057,WH-040, WH-061 , 224.4793568148541 ,54
RT-00058,WH-075,WH-059,1083.21,181
RT-00059,WH-064,WH-095,761.85,320
RT-00060,WH-077,WH-063,964.77,169
RT-00061,WH-049,WH-012,971.76,249
RT-00062,WH-095,WH-064,368.47,82
RT-00063,WH-070,WH-029,1288.31, 110 
RT-00064,WH-086,WH-062,924.98,252
,WH-076,WH-064,977.29,224
 RT-00066 , WH-032 ,WH-034,170.68,36
RT-00067,WH-095,WH-031,874.07,23
RT-00068,WH-037,WH-061,734.71,327
RT-00069,WH-094,WH-095,703.19,244
 RT-00070 ,WH-025,WH-016,339.28,333
RT-00071,WH-005,WH-100,N/A,281
RT-00072,WH-094,WH-037,885.79,
 RT-00073 ,WH-059,WH-048,26.10,219
RT-00074,WH-036,WH-065,90.92,336
RT-00075,WH-096,WH-089,756.83,77
RT-00076,WH-041,WH-053,656.33,219
RT-00077,wh-019,WH-090,264.76,253
 RT-00078 ,wh-011,WH-007,140.08,25
RT-00079,WH-006,WH-053,916.29,38
RT-00080,WH-070,WH-040,90.19,350
RT-00081,WH-021,WH-097,1274.52
RT-00082,WH-071,WH-067,241.47,196
RT-00083,WH-026,WH-015,209.09,277
RT-00084,WH-025,WH-010,163.37,297
RT-00085,WH-040,WH-079,222.81,76
RT-00086,WH-014,WH-062,1239.58,336
RT-00087,WH-046, WH-055 ,317.95,182
RT-00088,WH-053,WH-023,1327.38,223
RT-00089,wh-063,WH-015,1014.96,209
 RT-00090 ,WH-014,WH-072,1438.84,136
RT-00091,WH-038,WH-022,645.87,192
RT-00092,WH-064,WH-076,,259
RT-00093,WH-050,WH-004,244.85,168
RT-00094,WH-047,WH-013,861.29,58
rt-00095,WH-081,WH-030,743.53,140
 RT-00096 , WH-032 ,WH-041,N/A,337
RT-00097,WH-100,WH-053,791.54,222
RT-00098,WH-091,WH-051,110.32,72
RT-00099,WH-032,WH-059,1044.82,335
RT-00100,WH-035,WH-013,442.69,344
RT-00101,WH-067,WH-012,968.58,339
RT-00102,WH-083,WH-092,1177.24,247
RT-00103,WH-065,WH-015,1224.52,185
RT-00104,WH-075,WH-058,389.97,221
RT-00105,wh-084,WH-029,1424.68,108
RT-00106,WH-055,WH-044,1237.97,312
RT-00107,WH-078,WH-096,1393.07,96
RT-00108,WH-057,WH-001,1444.89,71
rt-00109,WH-063,WH-019,513.87,39
RT-00110,WH-002,WH-086,995.58,131
,WH-074, WH-085 ,147.90,139
RT-00112,WH-070,WH-044,1034.30,89
RT-00113,WH-067,WH-007,1013.87,67
RT-00114,WH-058,WH-068,1042.08,200
RT-00115,WH-076,WH-057,766.41,166
RT-00116,WH-006,WH-070,1202.90,314
RT-00117,WH-042,WH-041,1141.39,172
rt-00118,WH-099,WH-067,738.51
rt-00119,WH-079,WH-054,22.35,152
RT-00120,WH-090,WH-034,791.33,237
RT-00121,WH-097,WH-077,305.33,283
RT-00122,WH-032,WH-100,,236
RT-00123,WH-043,WH-086,145.05,126
RT-00124,WH-027,,1394.99,
RT-00125,WH-013, WH-044 ,1066.33,174
RT-00126,wh-010,WH-086,1361.42,56
RT-00127,WH-063,WH-098,696.68,108
RT-00128,wh-051,WH-072,802.96,52
 RT-00129 ,WH-005,wh-036,962.11,327
RT-00130,WH-081,WH-043,451.27,320
RT-00131,WH-090, WH-005 ,233.56,351
RT-00132, WH-043 ,,746.28,26
RT-00133,WH-088,WH-091,1041.01,119
RT-00134,WH-063,WH-028,403.62,68
RT-00135,WH-078,WH-005,601.52,282
RT-00136,WH-024,WH-036,1482.33,338
RT-00137,WH-083,WH-090,892.50,248
RT-00138,WH-063, WH-017 ,1012.26,39
RT-00139,WH-089,WH-069,325.04,203
RT-00140,WH-055,,446.52,201
RT-00141,WH-033,WH-072,927.30,172
RT-00142,WH-025,WH-035,103.61,70
RT-00143,WH-093,WH-038,535.81,307
RT-00144,WH-084,WH-004,460.48,201
rt-00145,WH-095,WH-053,179.72,260
RT-00146,WH-041,WH-033,255.65,23
RT-00147,WH-088,WH-089,1168.0742941590208km,156
RT-00148,wh-053,WH-046,N/A,28
RT-00149,wh-029,wh-079,285.69,101
RT-00150,wh-056, WH-018 ,90.93,186
RT-00151,WH-073,WH-053,1083.08,151
RT-00152,WH-093,WH-048,1001.41,317
RT-00153,WH-047,wh-064,105.85,210
RT-00154,WH-009,WH-037,875.32,335
RT-00155,WH-053,WH-040,212.13,227
RT-00156,WH-045,WH-011,1491.00,275,
RT-00157,WH-031,WH-046,845.43,71
RT-00158,WH-084,WH-034,1229.51,183
RT-00159,WH-072,WH-045,41.65,17
RT-00160, WH-009 ,WH-006,947.57,137
RT-00161,WH-048,WH-067,1020.79,148
RT-00162,WH-029,WH-006,1308.56,154
RT-00163,WH-049, WH-017 ,697.95,166
rt-00164,WH-049,WH-067,777.28,19
RT-00165,WH-050,WH-018,1030.01,77
,WH-096,WH-080,1093.29,202
RT-00167,WH-008,WH-026,1181.78,356
RT-00168,WH-085,WH-017,440.73,337
RT-00169,WH-075, WH-028 ,379.46,323
RT-00170,WH-037,WH-012,1479.82,136
RT-00171,WH-004,WH-045,1251.44,299
RT-00172,WH-001,WH-040,601.59,155
RT-00173,WH-045,WH-002,,355
RT-00174,wh-058,WH-035,1266.68,77
RT-00175,WH-080,WH-026,397.94,43
RT-00176,WH-049,WH-017,247.98,260
RT-00177,WH-042,WH-034,995.60,193
RT-00178,wh-037,WH-011,842.93,100
RT-00179,wh-080,WH-095,1010.81,224
RT-00180,WH-086, WH-046 ,442.81,134
,WH-071,WH-048,957.54,179
,WH-064,WH-041,331.97,180
RT-00183,WH-008,WH-030,199.37,253
RT-00184, WH-054 ,WH-073,1066.84,334
RT-00185,WH-059,WH-069,39.45,291
RT-00186,WH-060,WH-077,1118.33,177
rt-00187,WH-043,WH-042,1286.41,127
 RT-00188 ,WH-079,WH-082,753.75,327
RT-00189,WH-033,WH-052,1165.15,105
 RT-00190 , WH-063 ,WH-044,227.82,96
rt-00191,WH-009,WH-098,372.30,218
RT-00192,WH-030,WH-076,705.22,170
 RT-00193 ,WH-047,WH-011,150.39,74
RT-00194,WH-099,WH-092,752.90,35
RT-00195,WH-044,WH-033,688.46,275
rt-00196,WH-039,WH-074,344.99,227
RT-00197,WH-097,WH-066,621.65,163
 RT-00198 ,WH-032,WH-026,219.98,181
RT-00199,WH-069,WH-009,421.29,150
rt-00200,WH-072,WH-031,124.13,308
RT-00201, WH-033 ,WH-017,155.02,73
RT-00202,WH-005,WH-001,277.88,198
RT-00203,WH-021,WH-034,,71
RT-00204,WH-067,WH-042,484.89,41
RT-00205,WH-048, WH-016 ,1208.11,151
RT-00206,WH-049,WH-046,999.00,350
RT-00207,WH-070,WH-043,1060.04,92
RT-00208,WH-083,WH-052,51.40,170
rt-00209,WH-064,WH-074,1002.28,90
RT-00210,WH-043,WH-006,762.31,77
RT-00211,WH-089,wh-001,453.33,290
,WH-060,WH-063,649.05,66
RT-00213,WH-077,WH-050,428.42,71
RT-00214,WH-064,WH-095,618.55,296
RT-00215,wh-078,WH-005,661.80,157
RT-00216,wh-014,WH-022,N/A,350
RT-00217,WH-040,WH-001,1334.19,146
RT-00218,WH-016,WH-096,423.85,351
RT-00219,WH-033,WH-010,291.68,96
 RT-00220 ,WH-079,WH-093,852.75,241
RT-00221,WH-080,WH-024,777.48,155
RT-00222,WH-081,WH-016,1101.69,27
RT-00223,WH-042,WH-062,815.75,239
RT-00224,WH-080,WH-043,1103.19,76
RT-00225,WH-067, WH-063 ,1301.56,334
RT-00226,WH-006,WH-055,1107.00,140,
RT-00227,WH-017,WH-061,293.95,79
RT-00228,WH-033,WH-023,453.01,67
RT-00229,WH-036,WH-014,433.97,333
RT-00230,WH-023, WH-068 ,694.98,
RT-00231,WH-090,WH-062,402.51,229
RT-00232,WH-098,wh-022,496.552187671466km,281
 RT-00233 ,WH-029,WH-046,200.10,256
RT-00234,WH-061,WH-050,1047.88,105
RT-00235,WH-008,WH-099,597.04,213
RT-00236,WH-073,WH-006,418.85,71
RT-00237,WH-069,WH-093,433.67,191
RT-00238,WH-015,WH-009,390.92,160
RT-00239,WH-078,WH-002,394.87, 203 
RT-00240,WH-075,WH-043,604.27,247
RT-00241,WH-045,WH-072,238.52,328
RT-00242,WH-022,WH-028,1218.56,343
RT-00243,WH-008,WH-013,622.47,316
RT-00244,WH-061,WH-034,51.05,315
RT-00245,WH-041,WH-089,682.84,63
RT-00246,WH-051, WH-045 ,481.92,69
RT-00247,WH-071,,1031.99,307
RT-00248,WH-061,WH-036,1381.09,41
RT-00249,WH-094,WH-006,null,107
RT-00250,wh-058,WH-091,986.23,66
RT-00251,WH-075,WH-017,1063.58,91
RT-00252,wh-032,WH-014,41.44,326
RT-00253,wh-007,WH-068, 567.603651428686 ,
RT-00254,WH-055,WH-009,228.00,345
RT-00255,WH-088, WH-006 ,245.94,178
RT-00256,WH-001,WH-051,369.59,148
RT-00257,WH-064,WH-081,798.43,97
RT-00258,WH-089,WH-086,273.43,17
 RT-00259 ,WH-083,WH-064,335.57, 123 
rt-00260,wh-061,WH-010,915.43,90
RT-00261,WH-038,,653.76,164

RT-00262,WH-087,WH-026,1352.27,295
RT-00263,WH-079,WH-053,1018.75,323
RT-00264,WH-013,WH-059,315.04,155
RT-00265,WH-038,WH-092,692.97,68
RT-00266,WH-010,WH-052,1209.94,340
RT-00267,WH-080,WH-057,104.54,332
RT-00268,WH-051,WH-070,1470.23,26
RT-00269,WH-046,WH-017, 502.8398270400165 ,214
RT-00270,WH-073,WH-063,1092.86,51
RT-00271,WH-071,WH-005,806.96,245
RT-00272,WH-092,WH-003,601.23,297
RT-00273,WH-076,WH-048,219.17,277
 RT-00274 ,WH-027,wh-093,154.67,141
rt-00275,WH-025,WH-084,781.73,37
RT-00276,WH-083,WH-013,320.69,58
RT-00277, WH-013 ,WH-068,1119.45,89
RT-00278, WH-056 ,WH-015,1140.14,19
RT-00279,WH-022,WH-021,185.55,268
RT-00280,WH-072,WH-068,1143.71,95
RT-00281, WH-093 ,WH-096,1335.18,111
RT-00282,WH-072,WH-032,1319.24,325
RT-00283,WH-071,WH-009,936.30,69
RT-00284,WH-099,WH-022,739.59,357
RT-00285,WH-049,WH-092,405.80,190
 RT-00286 ,WH-055,WH-040,550.78,295
RT-00287,WH-015,WH-081,147.20,74
RT-00288, WH-038 ,WH-060,979.93,175
,WH-021,WH-032,731.05,190
RT-00290,WH-090,WH-094,514.99,229,
RT-00291,WH-011,WH-098,1325.01,38
 RT-00292 ,WH-027,WH-055,951.02,324
rt-00293,WH-030,WH-085,662.62,240
RT-00294,WH-046,WH-043,62.67,30
RT-00295,WH-057,wh-017,763.17,15
RT-00296,WH-048,WH-032,190.92,325
RT-00297,WH-008,WH-070,1093.18,310
RT-00298, WH-089 ,wh-033,519.77,42
RT-00299,WH-045,WH-008,1034.94,347
RT-00300,WH-079,WH-022,1072.14,221
RT-00301,WH-054,WH-090,1377.20,116
RT-00302,WH-012,WH-068,760.91,204
RT-00303,WH-023,WH-015,976.67,252
RT-00304,WH-085,WH-015,839.07,135
RT-00305,WH-097, WH-083 ,437.37,256
RT-00306,WH-031,WH-039,1162.34,263
RT-00307,WH-053,WH-083,1405.58,272
RT-00308, WH-043 ,WH-021,1211.54,225
RT-00309,WH-099,WH-043,802.61,20
RT-00310,WH-095,WH-063,1193.97,334
RT-00311,,WH-041, 471.1345333203904 ,222
RT-00312,WH-031,WH-003,347.20,252
RT-00313,WH-078,WH-081,20.37,190
RT-00314,WH-008,WH-001,249.82,113
RT-00315,WH-070,WH-031,1477.02,310
RT-00316,WH-082,WH-068,375.28,203
RT-00317,WH-003,WH-005,20.51,162
RT-00318,WH-018,wh-046,855.81,220
RT-00319,WH-050,WH-037,91.59,140
RT-00320,wh-077,WH-080,833.44,226
RT-00321,wh-031,WH-029,232.03,304,
RT-00322,WH-041,wh-005,116.64,249
RT-00323,,WH-070,1097.17,24
RT-00324,WH-087,WH-042,1433.47,246
 RT-00325 ,WH-090,WH-019,652.92,350
RT-00326,WH-010,wh-065,519.38,97
RT-00327,WH-059,WH-082,1460.13,171
,WH-050,WH-046,458.10,40
RT-00329,WH-019,,797.62,57
RT-00330,WH-026,WH-010,1104.86,325
RT-00331,WH-046,WH-095,1212.32,115
RT-00332,WH-055,WH-014,676.66,253
RT-00333,WH-042,WH-069,417.54,128
RT-00334,WH-009, WH-083 ,1266.61,64
RT-00335,,WH-075,262.88,291
RT-00336,,wh-012,1007.19,210
RT-00337,WH-075,WH-042,1260.40,106
RT-00338,WH-071,WH-040, 851.4971728233226 ,329
RT-00339,WH-026,WH-031,1158.08,200
RT-00340, WH-097 ,WH-039,942.08,228
RT-00341,WH-006,WH-077,1259.38
RT-00342,WH-073,WH-081,427.49,148
RT-00343,WH-051,WH-090,237.50,353
RT-00344,WH-032,WH-006,554.12,112
RT-00345,WH-093, WH-044 ,89.79,228
 RT-00346 ,WH-099,WH-042,753.68,323
,WH-049,WH-026,1043.8146284246543km,26
RT-00348,WH-018,WH-007,1131.16,252
RT-00349,WH-061,wh-079,null
RT-00350,WH-082,WH-075,1024.45,46
RT-00351,WH-003,WH-006,741.10,195
RT-00352,WH-046,,533.43,88
RT-00353,WH-044,WH-070,1255.71,22
RT-00354, WH-096 ,WH-038,922.54,297
RT-00355,WH-089,WH-054,1441.54,282
 RT-00356 ,WH-099,WH-030,630.65,218
RT-00357,WH-032,WH-100,688.32
RT-00358,WH-083,WH-014,160.99,34,
 RT-00359 ,WH-064,WH-085,,139
rt-00360,WH-059,WH-026,1169.04,208
RT-00361,WH-001,WH-010,808.46,344
rt-00362,WH-067,WH-069,697.88,29
RT-00363,WH-007,WH-092, 741.614374352402 ,132
RT-00364,WH-010,WH-035,177.03,130
RT-00365,WH-025,WH-030,1322.36,302
RT-00366,WH-066,WH-093,496.17,232
RT-00367,WH-095,WH-008,1274.73,336
RT-00368,WH-020,WH-044,1078.07,55
RT-00369,WH-080,WH-082,603.71,45
RT-00370,WH-007,WH-095,707.93,284,
RT-00371,WH-017,WH-083,628.99,67
RT-00372,WH-036,WH-017,1254.31,74
RT-00373, WH-084 ,WH-012,331.69,207
RT-00374,WH-021,WH-042,39.47,296
RT-00375,WH-012,WH-059,1001.75,195
RT-00376,WH-062,WH-100,176.73,101
 RT-00377 ,WH-003,WH-085,1249.48,353
RT-00378,WH-054,,1084.27,20
RT-00379,WH-019,WH-092,387.87,N/A
rt-00380,WH-068,WH-048,636.42,205
RT-00381,WH-074,WH-033,251.21,154
RT-00382,WH-039,WH-015,976.63,222
RT-00383,,WH-019,272.77,55
RT-00384,WH-046,WH-085,523.10,88
RT-00385,WH-077,WH-083,1351.01,159
RT-00386,WH-094,WH-013,418.31,323
RT-00387,WH-010,WH-059,451.84,227
RT-00388,WH-073,WH-005,1427.07,212
RT-00389,WH-067,WH-013,308.41,248
RT-00390,WH-016,WH-013,1087.23
RT-00391,WH-002,WH-082,1038.18,355
RT-00392,WH-087,WH-033,996.69,199
RT-00393,WH-088,WH-060,1318.11,94
rt-00394,WH-057,WH-023,1248.38,249
RT-00395,WH-056,WH-069,521.69,17
RT-00396,WH-057, WH-063 ,527.37,77
rt-00397,WH-085,WH-057,298.68,50
RT-00398,WH-071,WH-016,1492.39,57
RT-00399,WH-037,WH-078,1108.27,347
RT-00400,WH-003,WH-069,525.42,250
RT-00401,WH-011,WH-038,11.50
RT-00402,WH-095,WH-006,1257.60,230
RT-00403,,WH-091,1090.70,125
RT-00404,WH-046,WH-039,992.73,133
RT-00405,WH-033,WH-093,1246.15,51
RT-00406,WH-099,WH-019,806.99,319
RT-00407,WH-013,WH-065,1029.26,290
RT-00408,WH-053,WH-031,626.85,166
RT-00409,WH-010,WH-096,881.65,65
 RT-00410 ,WH-040, WH-027 ,557.29
RT-00411,wh-097,WH-098,125.90,25
RT-00412,WH-036,WH-068,209.29,63
RT-00413,wh-023,WH-093,1075.39,326
RT-00414,wh-009,WH-011,689.86,296
RT-00415,WH-006,WH-039,514.75,224
RT-00416,WH-026,WH-029,257.88,54
RT-00417,WH-034,WH-026,153.36,130
,WH-088,WH-069,20.58,16
RT-00419,WH-100,WH-045,481.82,232
RT-00420, WH-013 ,WH-082,186.14,63
RT-00421,WH-083,WH-043,253.74,225
RT-00422,WH-023,WH-046,961.72,347
RT-00423,WH-095,WH-067,1475.33,181
RT-00424,WH-094,WH-073,1034.40,133
RT-00425,WH-053,WH-064,358.24,164
RT-00426,WH-055,WH-040,599.77
RT-00427,WH-030,WH-044,,20
RT-00428,WH-059,WH-079,478.62,143
RT-00429,WH-008,WH-057,694.14,305
rt-00430,WH-014,,1497.82,245
RT-00431,WH-024,,1397.47,221
RT-00432,WH-049,WH-087,N/A,161
RT-00433,WH-048,WH-029,409.81,312
RT-00434,WH-028,WH-067,917.10,111
RT-00435,WH-024, WH-060 ,1130.23,207
RT-00436,WH-072,WH-033,655.24,91
RT-00437,WH-027,WH-056,1070.04,232
RT-00438,WH-098,WH-006,1443.28
RT-00439,WH-076,WH-072,125.33,354
RT-00440,WH-011,WH-053,329.02,256
RT-00441, WH-076 ,WH-066,659.37,122
RT-00442,WH-064,WH-053, 509.5017484964638 ,324
rt-00443,WH-097,WH-021,1411.24,178
 RT-00444 ,WH-087,WH-054,917.61,121
RT-00445,WH-052,WH-039,1493.72
RT-00446,WH-083,WH-035,260.91,179
 RT-00447 ,WH-088, WH-039 ,1060.51,28
RT-00448,WH-067,WH-090,158.56,33
RT-00449, WH-017 ,WH-044,777.79,329
RT-00450,WH-049,WH-070,674.70,217
RT-00451, WH-074 ,WH-040,660.58,N/A
rt-00452,WH-033,WH-075,1426.86,335
rt-00453,WH-067,WH-083,1472.27,163
rt-00454, WH-091 ,WH-066,616.58,258
RT-00455,wh-059,wh-003,1202.0718150990201km,35
RT-00456,WH-098,WH-022,884.56,297
RT-00457,WH-048,WH-063,1035.61,263
RT-00458,WH-001,WH-051,1223.04,357
RT-00459,WH-075,WH-023,1087.86,188
RT-00460,WH-016,WH-014,733.71,34
RT-00461,WH-035,WH-088,1168.66,341
RT-00462,WH-073,WH-030,1369.69,167
RT-00463,WH-016,WH-001,56.24,21
RT-00464,WH-100,WH-034,528.27,27
RT-00465,WH-079,WH-048,1358.35,26
RT-00466,,WH-070,1444.86,183
RT-00467,wh-009,WH-041,505.86, 320 

RT-00468,WH-099,,809.22,190
RT-00469,WH-074, WH-057 ,1123.99,161
RT-00470,WH-076,WH-042,11.56,79
RT-00471,WH-042,WH-050,302.49,260
RT-00472,WH-019,WH-057,950.49,320
 RT-00473 ,WH-062,WH-076,940.90, 214 
RT-00474, WH-097 ,WH-090,600.28,267
RT-00475,WH-055,WH-037,82.07,270
RT-00476,WH-066,WH-089,N/A,166
RT-00477,WH-076,WH-017,1443.86,69
RT-00478,WH-034,WH-058,320.39,117

RT-00479,WH-040,WH-018,954.54,230
RT-00480,WH-093, WH-085 ,1173.88,321
RT-00481,wh-094,WH-009,1151.56,143
 RT-00482 ,WH-100,WH-053,317.32,309
 RT-00483 ,WH-095, WH-037 ,595.90,77
RT-00484,WH-022,WH-065,695.59,57
RT-00485,WH-081,WH-088,1007.23,222
RT-00486,WH-062,wh-047, 537.6904775952055 ,25
RT-00487,wh-060,WH-057,1453.79,323
RT-00488,WH-076,WH-021,251.95,316
RT-00489,WH-098,WH-093,1081.80,279
RT-00490,WH-092,WH-086,170.06,31
RT-00491,WH-082,WH-028,886.47,344
RT-00492,WH-042,WH-080, 1004.5528384243653 ,98
,WH-035,WH-096,N/A,119
RT-00494,WH-008,WH-033,1065.74,100
RT-00495,WH-048,WH-085, 42.23250060731014 ,300
rt-00496,WH-095,WH-001,67.60,335
,WH-045,WH-036,1474.28,25
RT-00498,WH-081,WH-086,951.52,78
RT-00499,WH-034, WH-023 ,859.71,42
RT-00500,WH-023,WH-033,1143.33,311
RT-00501,WH-051,WH-034,1268.73,346
RT-00502,WH-014,WH-084,1051.00,296
RT-00503,WH-022,WH-060,1261.43,81
RT-00504, WH-048 ,WH-052,379.37,17
RT-00505,WH-055,WH-044,1009.22,327
RT-00506,WH-019,WH-047,435.66,200
RT-00507,WH-029,WH-083,1277.17,26
RT-00508,WH-057,WH-018,1080.02,41
RT-00509,wh-023,WH-006,1117.01,116
RT-00510,WH-009,WH-049,532.51,265,
 RT-00511 ,WH-037,WH-058,N/A,119
RT-00512,wh-080,WH-057,320.59,278
RT-00513,WH-059,WH-058,1459.36,113
RT-00514,WH-093,WH-072,1305.73,62

RT-00515,WH-009,WH-050,1281.43,207
RT-00516,WH-029,WH-036,863.30,151
 RT-00517 ,WH-008,WH-071,52.50,303
RT-00518,WH-036,WH-021,1272.33,339
RT-00519,WH-020,WH-042,622.27,21
RT-00520,WH-079,WH-066,466.96,117
 RT-00521 ,WH-065,WH-003,648.30,356
RT-00522,WH-073,wh-004,91.93,189
RT-00523,WH-011,,1093.64,281
RT-00524,WH-047,WH-048,461.72,277
RT-00525,WH-064,WH-092,532.57,332
RT-00526,WH-065,WH-063,1205.65,260
rt-00527,WH-066,WH-040,1453.54,323
RT-00528,WH-026,WH-020,1340.83,120
RT-00529,WH-096,WH-010,412.99,69
RT-00530,WH-094,WH-084,1137.39,25
RT-00531,WH-038,WH-100,992.72,63
rt-00532,WH-022, WH-078 ,1093.88,341
RT-00533,WH-067,WH-011,1031.04,134
,WH-066,WH-038,361.96,124
RT-00535,wh-004,WH-001,1280.76,60
rt-00536,WH-034,WH-079,212.99,63
RT-00537,WH-034,WH-069,741.37,61
RT-00538,WH-023,WH-029,933.84,270
RT-00539,wh-080,WH-055,1466.90,226
RT-00540,WH-070,WH-023,882.74,258
RT-00541,WH-061,WH-069, 520.3017362359028 ,213
RT-00542,WH-027,WH-053,658.17,93
RT-00543,WH-015,WH-029,N/A,302
RT-00544,WH-097,WH-069,1080.14,351
RT-00545,WH-060,WH-096,615.48,210
RT-00546,wh-025,WH-071,604.36,220
RT-00547,WH-074,WH-046,770.25,196
RT-00548,WH-001,WH-003,1346.94,240
RT-00549,WH-080,WH-057,1232.38,296
RT-00550,WH-019,WH-046,623.46,44
rt-00551,WH-090,WH-010,N/A,36
RT-00552,,WH-088,764.5802601398234km,140
RT-00553,WH-095,WH-035,1395.41,308
RT-00554,WH-053,WH-026,715.68,179
RT-00555, WH-049 ,WH-086,1080.68,260
RT-00556,WH-042,WH-033,419.47,312
RT-00557,WH-085,WH-100,673.57,230
RT-00558,WH-084,WH-034,852.12,139
RT-00559,WH-022,WH-030,1322.33,215
RT-00560,WH-016,WH-040,167.53,84
RT-00561,WH-033,WH-023,619.02,29
rt-00562,WH-012,WH-060,701.53,196
,WH-037,WH-044,924.0129430578355km,32
RT-00564,WH-004,WH-010,129.37,321
RT-00565,WH-010,WH-029,1362.11,114
RT-00566,WH-073,WH-054,570.57,34
RT-00567,WH-014,WH-012,949.99,326
RT-00568,WH-063,WH-046,219.33,93
RT-00569, WH-084 ,wh-058,465.54,312
RT-00570,WH-090,WH-057,514.39,57
 RT-00571 ,WH-025,WH-070,523.85,58
RT-00572,WH-032,WH-053,1349.12,299
RT-00573,WH-081,WH-070,53.34,243
RT-00574,WH-011, WH-035 , 244.5813391047691 ,244
RT-00575,WH-049,WH-042,1078.29,186,
 RT-00576 ,WH-085,WH-043,1446.54,195
RT-00577,WH-093, WH-031 ,null,57
RT-00578,WH-027,WH-041,647.51,217
RT-00579,WH-045,wh-010,349.24,120
RT-00580,wh-037,WH-033,184.49,352
RT-00581,WH-013,WH-049,75.83,89,
RT-00582,WH-067,WH-083,357.18,54
RT-00583,WH-096,WH-064,184.21,120
RT-00584,WH-063,WH-035,954.24,142
RT-00585,WH-004,WH-032,94.39,261
RT-00586,WH-007,,1192.70,59
RT-00587,WH-094,WH-053,298.60,319
RT-00588,WH-060,WH-008,400.46,85
RT-00589,WH-057,WH-080,337.09,274
RT-00590,WH-089,,773.45,321
RT-00591,WH-091,WH-022,471.65
RT-00592,WH-078,WH-038,551.91,205
RT-00593, WH-053 ,WH-027,996.49,335
RT-00594,WH-004,WH-039,720.47,37
RT-00595,WH-038,WH-071,1472.62,131
RT-00596,WH-078,WH-088,1320.55,87
RT-00597,wh-025,WH-091,,243
RT-00598,WH-058,WH-093,1222.46,255
 RT-00599 ,WH-074,wh-065,1157.82,92
rt-00600,WH-008,WH-031,1267.24,173
RT-00601,WH-090,WH-074,1469.76,121
RT-00602,WH-084,WH-036,1386.15,137
RT-00603,WH-035,WH-079,893.99,312
RT-00604,WH-003,WH-020,1054.31,293
RT-00605,WH-017, WH-020 ,1288.83,315
RT-00606,WH-084,WH-050,1484.64,299
RT-00607,WH-037,WH-001,1198.24,42
rt-00608,WH-061,WH-054,465.13
RT-00609,WH-078,WH-038,243.93
RT-00610,WH-068,WH-065,827.65,31
 RT-00611 , WH-031 ,WH-002,293.40,222
RT-00612,WH-045,WH-070,72.22,216
RT-00613,,WH-053,555.78,156
RT-00614,WH-020, WH-006 ,643.31,134
rt-00615,,WH-063,1462.02,15
RT-00616,wh-097,WH-056,206.51,36
,WH-002,WH-083,341.86,208
RT-00618,WH-035,WH-082,520.440090320521km,43
RT-00619,WH-050,WH-054,571.41,204
RT-00620,WH-033,WH-068,559.09,304
RT-00621,WH-044,WH-020,1431.68,211
RT-00622,WH-046,WH-017,809.89,98
RT-00623,WH-017,WH-056,215.62,143
RT-00624, WH-087 ,WH-052,1265.01,88
RT-00625,WH-067,WH-063,1224.20,113
RT-00626,WH-087,WH-001,324.94,68
RT-00627,WH-022,WH-096,601.63,234
RT-00628,WH-088,WH-065,1066.56,122
RT-00629,,WH-049,1482.39,96
RT-00630,WH-029,wh-014,,181
RT-00631,WH-065,WH-024,496.78,343
RT-00632,WH-007,WH-056,561.34, 178 
RT-00633,WH-098,WH-082,N/A,345
RT-00634,WH-059,WH-018,944.81,168
RT-00635,WH-100,WH-017,1077.36,256
RT-00636,WH-047,WH-021,20.70,
RT-00637,WH-083,WH-076,105.93,41
RT-00638,,WH-056,140.66,168
RT-00639,WH-001,WH-076,1399.38,238
RT-00640,WH-100,WH-012,285.74,86
RT-00641,WH-038,WH-043,349.33,256
RT-00642,WH-026,WH-007,518.32,252
RT-00643, WH-077 ,WH-007,1499.88,31
RT-00644,WH-089,WH-041,988.69,282
RT-00645,WH-086,WH-015,48.16,119
RT-00646,WH-066,,307.31,133
RT-00647,WH-086,WH-059,499.31,174
RT-00648,WH-011,WH-041,1090.70,183
RT-00649,WH-018,WH-045,469.07,289
RT-00650,WH-014,WH-006,417.15,59
RT-00651,WH-064,WH-025,1163.32,277
RT-00652,WH-026,WH-078,628.41,308
RT-00653,,WH-014,965.4208176405438km,149
RT-00654,WH-021,WH-008,1166.93,240
RT-00655,WH-021,WH-058,846.48,226
RT-00656,WH-072,WH-059,1009.00,24
RT-00657,WH-053,,,171
RT-00658,wh-009,WH-031,1317.20,351
RT-00659,WH-052,WH-002,900.13,160
RT-00660,WH-022,WH-078,54.61,107
RT-00661,WH-027,WH-089,1394.44,45
RT-00662,WH-052,WH-077,766.57,301
RT-00663,WH-001,WH-063,593.36,231
RT-00664,WH-012,WH-050,1220.64,56
RT-00665,wh-030,WH-074,1238.43,294
RT-00666,WH-007,WH-005,1222.91,300
 RT-00667 ,WH-017,WH-010,282.82,230
RT-00668,wh-092, WH-087 ,415.41,86
RT-00669, WH-016 ,WH-057,473.7975477217639km,76
RT-00670,wh-038,WH-079,618.83,277
RT-00671,WH-049,WH-061,1195.05,336
RT-00672,WH-035,, 1124.506550010175 ,66
RT-00673,wh-018,WH-014,252.48,225
RT-00674,WH-006,wh-021,617.93,273
 RT-00675 ,WH-016,WH-011,750.39,153
RT-00676,WH-075,WH-032,941.16,295
RT-00677,WH-017,WH-036,1429.68,121
RT-00678,WH-011,WH-038,339.08
RT-00679,WH-045,WH-042,180.90,72
RT-00680,WH-018,WH-010,1280.00,81,
RT-00681,WH-092,WH-014,133.13,107
RT-00682,WH-056,WH-005,331.89,354,
rt-00683,WH-064,wh-069,,207
RT-00684,WH-095,WH-094,227.75,249
RT-00685,WH-057,WH-053,642.04,35
RT-00686,WH-036,WH-041,1153.82,320
RT-00687,WH-052,WH-069,1297.36,168
RT-00688,WH-023,,1124.24,316
RT-00689,wh-074,WH-041,1459.28,117
RT-00690,WH-091, WH-032 ,126.80,232
RT-00691,WH-045,WH-076,700.47,297
RT-00692,WH-100,WH-068,1158.36,223
RT-00693,WH-098,WH-018,278.95,66
RT-00694,WH-010,WH-052,847.10,297
RT-00695,WH-084,wh-054,1051.68,63
RT-00696,WH-006,WH-020,577.08,318
RT-00697,WH-003,WH-015,605.82,122
RT-00698,,WH-023,1045.97,305
RT-00699,WH-025,WH-039,1321.35,340
RT-00700,WH-045,wh-037,990.97,203
RT-00701, WH-024 ,WH-039,1131.22,231
RT-00702,WH-051,WH-062,1017.64,186
RT-00703,WH-047,WH-022,419.41,344
RT-00704,WH-032,WH-033,965.64,356
RT-00705,WH-077,WH-092,1205.39,144
RT-00706,WH-077,,271.420729801984km,294
RT-00707,WH-077,WH-063,881.54,54
RT-00708,WH-094,WH-028,777.50,131
RT-00709,wh-037,WH-079,645.52
RT-00710,WH-024,WH-016,413.11,125
RT-00711,WH-070,WH-006,1468.18,293
RT-00712,WH-063,WH-059,N/A,236
RT-00713,WH-088,WH-017,1145.28,157
, WH-091 ,WH-035,null, 220 
RT-00715, WH-013 ,WH-059, 976.1008588390897 ,138
RT-00716,wh-055,WH-007,260.88,189
RT-00717,WH-011,WH-039,314.48,66
RT-00718,WH-073,WH-081,569.57,168
RT-00719,WH-011,WH-027,32.86,180
RT-00720,WH-058,WH-085,813.21,289
RT-00721,WH-030,WH-020,275.40,279

RT-00722,wh-096,WH-051,373.04,134
 RT-00723 ,WH-057, WH-029 ,212.90,
RT-00724,WH-019,WH-001,298.59,298
RT-00725,wh-033,WH-045,842.48,346
RT-00726,wh-056,WH-012,,127
RT-00727,WH-054,WH-044,796.57,317
RT-00728,WH-021,WH-049,247.90,209
RT-00729,WH-036,WH-053,74.78,282
RT-00730,WH-086,WH-054,1300.08,300
RT-00731,WH-091,WH-086,141.52,214
RT-00732,WH-084,WH-012,1121.76
RT-00733,WH-034,WH-021,829.20,80
RT-00734,WH-028,WH-057,965.65,207
RT-00735,WH-041,WH-066,727.57,174
RT-00736,WH-037,WH-049,1190.84,308
RT-00737,WH-043,WH-094,1278.62,286
RT-00738,WH-007,WH-098,205.97,257
RT-00739,WH-061,WH-017,1395.04,204
RT-00740,WH-090,WH-029,1116.25,163
RT-00741,WH-043,WH-002,145.30,49
RT-00742,WH-088,WH-094,153.43548999486526km,100
RT-00743,WH-032,WH-083,1193.19,155
RT-00744,WH-079,WH-018,254.73,285
RT-00745,WH-069,wh-085,475.40
RT-00746,WH-036,WH-049,801.44,114
RT-00747,WH-012,WH-063,1324.65,94
RT-00748,WH-040,WH-053,497.11,225
 RT-00749 ,WH-041,WH-037,425.04,52
rt-00750,WH-014,WH-056,816.17,226
RT-00751,WH-065,WH-034,595.79,267
RT-00752,WH-032,WH-042,198.00,135
RT-00753,WH-065,WH-093,1156.66,42
RT-00754,WH-021,WH-020,225.19,300
RT-00755,WH-038,WH-074,1229.99,319
RT-00756,WH-043,WH-079,null,97
RT-00757,WH-035,WH-070,583.02,342
RT-00758,WH-065,WH-046,N/A,268
RT-00759,WH-005,WH-023,812.40,134
RT-00760,WH-050,WH-054,205.55,220
RT-00761,WH-061,WH-069,1317.38,167
RT-00762,WH-033,WH-085,476.73,205
RT-00763,WH-041,WH-044,1106.35,241
RT-00764,WH-011,WH-042,142.46,128
RT-00765,wh-025,WH-034,1427.25,44
RT-00766,WH-072,WH-022,1177.63,62
RT-00767,WH-067,WH-030,1313.10,347
RT-00768,WH-077,WH-028,,242
RT-00769,WH-033,WH-039,1482.84,183
RT-00770,WH-029,WH-097,1351.00,247
RT-00771,WH-005,WH-057, 1090.2437733889992 ,107
RT-00772,WH-060,WH-027,381.27,127

RT-00773,WH-034,WH-007,308.54, 342 
RT-00774,WH-059,WH-097,284.23,296
RT-00775,WH-048,WH-027,1372.38,336
RT-00776, WH-003 ,WH-006,889.29,358
RT-00777,WH-083,WH-021,995.22,173
RT-00778,WH-065,,302.28,316
RT-00779,WH-001,WH-047,100.09,100
RT-00780, WH-081 ,WH-044,N/A,53
RT-00781,WH-077,WH-096,1250.85,60
RT-00782,WH-060, WH-026 ,1162.24,147
RT-00783,WH-021,WH-005,1110.23,266
RT-00784, WH-075 , WH-071 ,577.15,106,
RT-00785,WH-068, WH-003 ,855.62,197
RT-00786,WH-047,WH-033,1266.13,195
RT-00787,WH-032,wh-066,943.82,298
RT-00788,WH-033,WH-024,782.61,83
RT-00789,WH-008,WH-055,1494.18,319
RT-00790, WH-046 ,WH-085,683.57,176
RT-00791,WH-063,WH-089,241.61,234
RT-00792,WH-065,WH-079,1289.00,187
RT-00793,WH-073,WH-023,985.03,352
RT-00794,WH-055,WH-084,374.53,331
RT-00795,WH-004,WH-073,398.15,221
RT-00796,WH-064,WH-033,672.70,49
RT-00797,WH-045,WH-043,1271.40,
RT-00798,WH-021,WH-034,null,213
RT-00799,WH-036,WH-030,730.22,274,
RT-00800,WH-044,WH-049,1000.94,303
rt-00801,WH-055,WH-057,505.76,328
RT-00802,WH-005, WH-056 ,198.24,219
RT-00803,WH-016,WH-097,465.97,358
RT-00804,WH-042,WH-040,865.96,220
RT-00805,WH-081,,169.50,23
RT-00806,WH-011,WH-029,1465.04,177
RT-00807,WH-041,WH-012,1067.84,229
RT-00808,WH-023,WH-024,307.26,243
RT-00809,WH-027,WH-052,24.91,17
RT-00810,WH-098,WH-001,187.14,109
 RT-00811 ,WH-005,WH-048,234.06,169
RT-00812,WH-002,WH-066,229.67,280
RT-00813,WH-097,WH-034,985.28,56
RT-00814,WH-008,WH-022,149.36,149
RT-00815,WH-027,WH-061,604.34,39
RT-00816,WH-085,WH-022,39.72,180
RT-00817,WH-027,WH-038,564.60,138
RT-00818,,WH-061,1008.25,219
RT-00819,wh-022,WH-001,309.49,204
RT-00820,WH-098,wh-010,1476.90,236
RT-00821,WH-046,wh-025,77.77,25
RT-00822,WH-086,WH-047,421.90,264
RT-00823,WH-100,WH-039,,239
RT-00824,WH-059,WH-043,954.01,278
 RT-00825 ,WH-065,WH-049,1390.20,90
RT-00826,WH-060,WH-022,989.47,328
RT-00827,WH-059,WH-076,114.11,300
,WH-078,WH-011,1007.14,190
RT-00829,WH-043,WH-087,717.34
RT-00830,WH-001,wh-062,1357.40, 281 
RT-00831,WH-016,WH-078,897.58,49
RT-00832,,WH-032,436.08,97
RT-00833,WH-020,WH-049,null,225
RT-00834,WH-045,WH-026,132.37,78
RT-00835,WH-063,,907.88,303
RT-00836,WH-078, WH-047 ,594.77,174
RT-00837,WH-072,WH-020,677.16,77
RT-00838,WH-085,WH-046,1145.34,138
RT-00839,WH-024,WH-051,526.02,74
RT-00840,WH-052,WH-059,279.27,164
RT-00841,WH-016,WH-063,1258.14,309
RT-00842,WH-010,WH-009,1214.16,N/A

 RT-00843 ,WH-001,WH-088,1124.79,165
RT-00844,WH-014,WH-020,184.11,63
RT-00845,WH-022,wh-003,959.77,94
RT-00846,WH-090,WH-067,1266.74,305
RT-00847,WH-044,WH-085,45.23,123
RT-00848, WH-059 ,WH-061,644.12,160
RT-00849,wh-071,WH-047,1059.50,341
RT-00850,WH-092,WH-062,456.02,203
rt-00851,WH-098,WH-008,972.50,210
RT-00852, WH-071 ,WH-094,122.93,289
RT-00853,WH-073,WH-005,1345.52
RT-00854,WH-060,WH-075,737.34,254
RT-00855,WH-038,WH-010,234.10,182
RT-00856,WH-021,WH-053,1257.87,330
RT-00857,WH-010,WH-089,1336.34,27
RT-00858, WH-039 ,WH-075,1379.57,272
RT-00859,WH-089,WH-032,190.96,165
RT-00860, WH-033 ,WH-005,1227.38,72
RT-00861,WH-089,WH-061,478.88,345
RT-00862,WH-093,WH-017,28.17,15
RT-00863,WH-014,WH-028,1203.01,179
RT-00864,WH-080,WH-056,659.90, 276 
RT-00865, WH-044 , WH-055 ,613.34,275
,WH-054,WH-081,1325.85,203
RT-00867,WH-050,,17.40,222
RT-00868,WH-065,WH-041,111.56,165
RT-00869,WH-029,WH-096,823.27,290
RT-00870,WH-074,WH-067,,333
RT-00871,WH-049,WH-098,1251.82,274
RT-00872,WH-011,WH-081,163.25,192
RT-00873,WH-075,WH-010,554.76,134
RT-00874,WH-013,WH-094,1357.14,242
RT-00875,WH-098,WH-036,99.61808982468632km,98
RT-00876,WH-063,WH-022,626.85,211
RT-00877,WH-044,WH-072,385.30,226
RT-00878, WH-026 ,WH-053,407.69,209
RT-00879,WH-081, WH-009 ,799.03,188
RT-00880,WH-073,WH-028,1493.70,147
RT-00881,WH-098,WH-007,303.76,180
RT-00882,WH-091,WH-009,101.61,268
RT-00883,WH-010,WH-062,921.11,82
RT-00884,WH-058,WH-051,172.26,52
RT-00885,WH-007,WH-004,776.84,
RT-00886,WH-079,WH-005, 390.23458043786275 ,72
RT-00887,WH-070,WH-008,1404.78,85
RT-00888,WH-097,WH-089,1178.38,301
RT-00889,wh-085,WH-011,184.01,83
RT-00890,WH-059,WH-085,952.93,222
RT-00891,WH-022,WH-016,947.08,291
RT-00892,WH-065,WH-088,502.86,306
RT-00893,WH-068,WH-004,659.00,253
RT-00894,wh-017,WH-048,999.21,133
RT-00895,WH-074,WH-065,N/A,221
RT-00896,WH-041,WH-029,1096.03,225
RT-00897,WH-079,WH-002,1174.06,287
RT-00898,WH-021,WH-099,111.55,198
RT-00899,WH-025,WH-010,615.13,94
RT-00900,WH-009,WH-100,1426.32,281
RT-00901,WH-009,WH-033,1191.20,302
RT-00902,WH-061,WH-013,542.22,336
RT-00903, WH-063 ,WH-055,1047.36,225
RT-00904,WH-040,WH-051,537.25,310
RT-00905,WH-016,WH-032,869.98,183
RT-00906,WH-072,WH-073,1460.34,313
RT-00907,wh-078,WH-003,518.52,249
RT-00908,WH-085,WH-070,499.80,41,
RT-00909,WH-092,WH-052,732.82,260
RT-00910,WH-008,WH-015,1358.75,26
RT-00911,WH-007, WH-005 ,N/A,276
RT-00912,wh-015,WH-007,1454.19,353

RT-00913,WH-038,WH-090,1346.53,120
RT-00914,WH-042,WH-015,694.37,16

rt-00915,WH-023,WH-069,1385.67,84
RT-00916,WH-065,WH-023,1474.57,297
RT-00917,WH-018,WH-081,513.15,30
RT-00918,WH-013,WH-010,366.31,303
rt-00919,WH-091,WH-088,475.95,291
RT-00920,WH-065,WH-018,358.27,309
 RT-00921 ,WH-014,WH-057,1497.46,171
RT-00922,WH-034,WH-088,1150.84,34
RT-00923,WH-068,WH-016,759.40,319
RT-00924,WH-029,WH-028,782.23,115
 RT-00925 ,WH-039,WH-005,287.47,250
RT-00926,WH-002,WH-079, 1077.1323113114533 ,127
RT-00927,WH-002,WH-032,965.64,21
rt-00928,WH-058,WH-083,1050.94,104
 RT-00929 ,WH-036,WH-034,860.55,238
RT-00930,WH-093,WH-023,1114.68,86
RT-00931,WH-081, WH-084 ,486.76,224
RT-00932,WH-039,WH-009,1252.89,271
RT-00933,WH-097,WH-002,497.28,68
RT-00934, WH-006 ,WH-058,280.77,262
RT-00935,WH-099,WH-056,201.08,130
RT-00936,WH-059,WH-062,1049.60,17
rt-00937,WH-002,WH-074,505.54,138
RT-00938,WH-009,WH-076,545.84,70
RT-00939,WH-051,WH-004,554.14,59
RT-00940,WH-022,WH-012, 648.2122880204108 ,77
RT-00941,WH-085,,597.52,298
RT-00942, WH-015 ,WH-064,636.07,178
RT-00943,WH-025,WH-010,630.56,50
RT-00944,WH-080,WH-025,579.62,261
RT-00945,WH-066,WH-072,1244.88,242
RT-00946,wh-019, WH-049 ,483.62,189
,WH-006,WH-074,612.30,167
RT-00948, WH-044 ,WH-046,457.20,172
RT-00949, WH-037 ,,683.43,117
RT-00950,WH-046,WH-100,213.50,96
RT-00951,WH-077,WH-026,752.68,121
RT-00952,WH-091,WH-025,1016.2748083762058km
RT-00953,WH-013,WH-043,1193.44,201
RT-00954,WH-084,WH-042,767.08,69
RT-00955,WH-045,WH-056,1053.84,106
 RT-00956 ,WH-041,WH-078,39.14,71
RT-00957,WH-011,WH-095,63.46,110
RT-00958,WH-083,WH-046,859.02,188
rt-00959,WH-013,WH-063,1004.07,203
RT-00960,wh-084,WH-039,911.88
RT-00961,wh-097,WH-087,1192.05,22
RT-00962,WH-036,WH-045,208.51,182

RT-00963,WH-090,WH-014,948.13,322
RT-00964,WH-044,WH-057,726.10,65
rt-00965,WH-083,WH-094,477.73,221
RT-00966,WH-070,WH-052,71.85,272
RT-00967,WH-076,WH-045,166.75,116
,WH-070,WH-073,837.94,230
RT-00969,wh-080,WH-050,880.18,184
 RT-00970 ,WH-095,WH-006, 833.372045792233 ,283
RT-00971,WH-040,WH-049,1417.57,318
RT-00972,WH-019,WH-086,475.98,134
RT-00973,WH-017,WH-013,1369.22,308
RT-00974,WH-026,wh-042,null,294
RT-00975,WH-004,WH-010,304.05,45
RT-00976,WH-060,WH-030,492.83,176
RT-00977, WH-088 ,WH-047,158.83623658059238km,153
rt-00978,,WH-014,1414.07,42
RT-00979,WH-001,WH-063,,259
RT-00980,WH-033,WH-001,1229.31,32
RT-00981,WH-037,WH-089,750.40,208
RT-00982,WH-065,WH-086,1276.30,126
RT-00983,WH-062,WH-018,679.64,115
RT-00984,WH-036,WH-063,340.71,340
RT-00985,WH-050, WH-065 ,423.70,267
rt-00986,WH-055,WH-088,1471.18,33
RT-00987,WH-027,WH-045,994.19,224
RT-00988,WH-057,WH-095,1356.51,200
RT-00989,WH-058,WH-007,527.17,N/A
RT-00990,WH-099,WH-081,1369.96,86
RT-00991,WH-094,WH-011,984.96,201
RT-00992,WH-095,WH-055,1493.85,203
RT-00993,WH-006,WH-095,1208.33,267
RT-00994,WH-043,WH-082,34.16,284
RT-00995,WH-001,WH-079,468.04,70
RT-00996,WH-006,WH-082,108.12,247
RT-00997,WH-039,WH-017,955.22,309
RT-00998,WH-076,WH-039,578.92,235
RT-00999,WH-024,wh-080,1482.46,341
RT-01000,WH-095,WH-021,547.54,248
RT-01001,WH-003, WH-005 ,46.71,188
RT-01002,WH-075,WH-097,756.55,230
RT-01003,WH-015,WH-032,1371.17,308
RT-01004,WH-048,WH-002,941.90,226
RT-01005,WH-090,WH-072,81.90,308
RT-01006,WH-032,WH-003,94.19,298
 RT-01007 ,WH-073,WH-030,1244.67,52
,,WH-028,1239.49,240
RT-01009,WH-047,WH-002,1182.77,152
RT-01010,WH-095,WH-045,1073.92,219
RT-01011,WH-050,WH-043,687.50,279
RT-01012,WH-052,WH-046,1037.99,115
RT-01013,WH-048,WH-047,364.1837572730282km,165
RT-01014,WH-088,WH-030,338.30,111
RT-01015,WH-089, WH-075 ,935.89,277
RT-01016,WH-006,WH-098, 777.8426390775774 ,311
rt-01017,WH-092,WH-058,890.86,224
RT-01018,WH-036, WH-040 ,1131.65,243
RT-01019,WH-004,WH-049,null,18
RT-01020,WH-036,WH-026,502.39,119
 RT-01021 ,WH-068,WH-058,688.85,291
RT-01022,,WH-047,375.55,181
RT-01023,,WH-063,1274.62,176
RT-01024,WH-080,WH-016,1308.50,25
RT-01025,wh-021,,485.54,229
RT-01026,WH-070,WH-015,789.45,20
RT-01027,WH-042,WH-041,1112.48,137
RT-01028,WH-082,WH-088,608.02,127
RT-01029,WH-096,wh-045,,94
RT-01030,WH-001,WH-032,,311
RT-01031,WH-025,WH-086,1407.10,329
RT-01032,WH-091,WH-016,418.56,255
RT-01033,WH-059,WH-017,1280.43,302
RT-01034,WH-004,WH-091,295.12,353
RT-01035,WH-085,WH-026,1207.8826290008344km,118
RT-01036,WH-018,WH-083,1114.71,341
rt-01037,WH-100, WH-060 ,854.96,104
RT-01038,WH-049,WH-007, 193.2110036392484 ,120
RT-01039,WH-084,WH-097,1157.01,202
RT-01040,WH-074,WH-100,423.01,179
RT-01041,WH-077,WH-050,906.34,248
RT-01042,WH-024,WH-067,1043.60,88
RT-01043,wh-005,WH-009,1432.42,59
RT-01044,WH-095,WH-025,787.92,282
RT-01045,WH-096,WH-055,N/A,238
RT-01046,WH-037,WH-058,75.49,315
RT-01047,WH-026,WH-077,798.62,169
RT-01048,WH-043,WH-018,561.02,
RT-01049,WH-047,WH-002,1492.31,334
RT-01050,WH-017,WH-074,494.65,155
RT-01051,WH-073,WH-015,513.77,314
RT-01052,WH-061,WH-074,148.26,222
RT-01053,WH-034,WH-063,240.52,74
RT-01054,wh-019,WH-029,1417.04,209
RT-01055,WH-093,WH-059,336.57,100
RT-01056,wh-024,,582.16,333,
 RT-01057 ,WH-030,WH-079,1282.61,181
RT-01058,WH-023,WH-057,602.34,199
RT-01059,WH-075,WH-053,553.47,281
RT-01060,WH-043,WH-052,837.17,267
RT-01061,WH-018,WH-001,492.00,162
 RT-01062 ,WH-092,WH-096,644.97,59
RT-01063,WH-051,WH-065,124.81,277
RT-01064,WH-072,WH-044, 996.1683549182752 ,74,
RT-01065,WH-008,WH-089,1140.27,137
RT-01066,WH-024,wh-015,315.60,53
RT-01067,WH-034,WH-066,null,273
RT-01068,WH-076, WH-051 ,742.55,136
RT-01069,WH-081,WH-070,1256.52,344
RT-01070, WH-071 ,WH-040,725.22,22
rt-01071,WH-096,,790.49,177
RT-01072,,WH-055,724.51,347
 RT-01073 ,WH-082, WH-032 ,659.98,231
RT-01074,WH-044,WH-035,1064.51,54
rt-01075,WH-091,WH-005,1210.02,318
RT-01076,WH-083,WH-015,1047.18,207
RT-01077,WH-068,WH-073,113.69,47
RT-01078,WH-010,WH-056,1192.89,160
RT-01079,WH-080,wh-019,1365.27,28
RT-01080,WH-065,WH-071,336.14,117
RT-01081,wh-022,WH-064,846.01,177
RT-01082,WH-090,WH-073,1187.97,325
,WH-002,WH-032,908.56,317
RT-01084,WH-061,WH-072,942.74,233
RT-01085,WH-051,WH-025,1304.43,170
RT-01086,,WH-052,233.43,106
RT-01087,wh-048,WH-037,241.99,82
RT-01088,WH-031,WH-015,768.58,255
RT-01089,WH-043,WH-088,1311.84,271
RT-01090,wh-082,WH-022,1367.82,60
RT-01091,WH-008,WH-023,871.53,294
RT-01092,WH-049,WH-088,1401.05,336
RT-01093,WH-023,WH-010,1488.20,149

RT-01094,WH-100,WH-063,867.32,164
RT-01095, WH-048 ,WH-100, 1126.0616380963809 ,67
RT-01096,WH-093,WH-058,754.25,167
RT-01097, WH-009 ,WH-076,548.17,301
rt-01098,WH-063,WH-039,1110.73,250
RT-01099,WH-038,,217.32,
RT-01100,,WH-062,187.45,128
RT-01101,WH-033,WH-023,null, 64 
RT-01102,WH-008,WH-036,327.62,177
RT-01103,WH-007,WH-019,506.33,131,
RT-01104,WH-080,WH-085,1065.71,150
RT-01105,WH-044,WH-041,129.28,124
rt-01106,WH-049,WH-039,1303.07,186
RT-01107,WH-026,WH-047,1195.91,84
RT-01108,WH-090,wh-035,895.33,39
RT-01109,WH-020,WH-049,1053.31,250
RT-01110,wh-049,WH-092,N/A,38
 RT-01111 ,WH-034,WH-007,1193.96,316
 RT-01112 ,WH-045,WH-090,273.00,64
RT-01113,WH-022, WH-038 ,226.73,108
RT-01114,WH-020,WH-010,1460.33
 RT-01115 ,WH-058,WH-090,1286.49,154
RT-01116,WH-004,WH-067,728.36,26
RT-01117,WH-083,WH-072,930.25,201
RT-01118,WH-023,WH-088,667.69,118
RT-01119,WH-069, WH-079 ,986.88,211
RT-01120,WH-018,WH-082,1190.25,306
RT-01121,WH-018,WH-004,796.76,314
RT-01122,WH-077,WH-027,1288.47,346
RT-01123,WH-070,WH-040,526.48,138
RT-01124,WH-063,WH-100,1162.54,204
RT-01125,WH-032,WH-033,230.59,N/A
RT-01126,WH-034,WH-021,186.39,214
rt-01127,WH-064,WH-050,102.52,140
RT-01128,WH-091,wh-085,1258.32,81
RT-01129,WH-056,WH-084,845.19,45
 RT-01130 ,WH-067, WH-050 ,451.82,74
RT-01131,WH-038,WH-031,984.26,151
RT-01132,WH-003,WH-034,305.69,246
RT-01133, WH-084 ,WH-004,739.42,321
RT-01134,WH-027,WH-072,1462.83,270
 RT-01135 ,WH-022,WH-054,1137.25,166
RT-01136,WH-096,WH-076,1449.42,182
RT-01137,WH-027,WH-012,850.71,263
RT-01138,WH-021,WH-063,1456.90,113
RT-01139,WH-064,WH-045,1170.39,289
RT-01140,WH-066,WH-015,1206.95,357
RT-01141,WH-051,WH-064,1368.80,293
RT-01142,WH-081,WH-047,247.02,312
RT-01143,WH-011,WH-015,981.25,208
RT-01144,WH-077,WH-004,1438.62,291
RT-01145,WH-033,wh-078,562.36,226
RT-01146,WH-084,WH-072,910.57,353
RT-01147,WH-079,WH-093,317.43,315
RT-01148,WH-072,WH-013,1250.87,75
RT-01149,WH-017,WH-080,1335.22,356
RT-01150,WH-012,WH-083,521.30,335
RT-01151,WH-038,WH-039,851.36,187
RT-01152,WH-026,WH-076,553.78,122
RT-01153, WH-014 ,WH-033,852.45,89
RT-01154,WH-072,WH-087,453.03,265
RT-01155,WH-068,WH-078,165.32,147
RT-01156,WH-030,WH-090,221.02,247
RT-01157,WH-037,WH-040,133.92,59
RT-01158,,WH-076,780.43,26
RT-01159, WH-079 ,WH-066,1445.52,321
RT-01160,WH-097,WH-089,917.73,179
RT-01161,WH-017,WH-049,56.46,261
RT-01162,WH-008,,442.62,116

RT-01163,WH-080,,null,276
RT-01164,WH-049, WH-060 ,1069.60,148
RT-01165,WH-083,WH-035,551.33,309
RT-01166,WH-093,WH-012,169.94,157
RT-01167,WH-051,WH-006,1199.17,295
RT-01168,WH-063,WH-011,99.50,257
RT-01169,WH-057,wh-012,N/A,232
RT-01170,WH-018,WH-026,195.47,269
rt-01171,WH-066,WH-021,57.61,241
RT-01172,WH-031,WH-033, 333.39343861541806 ,271

RT-01173,WH-097,WH-061,null,359
RT-01174,wh-079,WH-004,795.55,137
RT-01175,WH-099,WH-047,1247.04,313
RT-01176,WH-027,WH-014,393.94,85
RT-01177,WH-075,WH-094,317.67,248
RT-01178,WH-076,WH-099,708.96,27
RT-01179,WH-068,WH-053,886.52,28
RT-01180,WH-018, WH-099 ,983.52,215
rt-01181,WH-078,WH-042,533.27,59
 RT-01182 ,WH-017,WH-002,990.32,78
rt-01183,wh-099,WH-074,190.43,79
RT-01184,WH-092,WH-080,1018.77,141
RT-01185,WH-075,WH-094,922.86,37
RT-01186,WH-078,WH-089,781.61,166
RT-01187,WH-084,WH-041,751.68,342
RT-01188,WH-024,wh-018,1453.91,76
RT-01189,WH-026,WH-032,400.80,88
RT-01190,WH-018,WH-064,N/A,305,
RT-01191,WH-077,WH-039,806.78,350
RT-01192,WH-084,WH-007,598.15,243
RT-01193,WH-097,WH-043,969.03,124,
RT-01194,WH-089,WH-086,753.07,184
RT-01195,WH-021,WH-082,72.83,305

RT-01196,WH-033,WH-007,1450.83,199
RT-01197,WH-009,WH-054,377.66,241
rt-01198, WH-072 ,WH-032,1007.27,229
RT-01199,WH-026,WH-015,912.10,290
RT-01200,WH-037,WH-051,548.46,114
RT-01201,WH-009,WH-063,932.18,29
RT-01202,wh-047,WH-033,959.77,107
RT-01203,WH-038, WH-015 ,590.10,262
RT-01204,WH-098,WH-036,193.95,137
RT-01205,WH-002,WH-011,773.65,228
RT-01206,WH-047,WH-070,1420.99,311
RT-01207,WH-053,WH-056,339.27,102
RT-01208,WH-078,WH-082,1032.89,220
RT-01209,WH-015,WH-058,262.83,161
RT-01210,WH-077,WH-075,445.10,270

 RT-01211 ,WH-060,WH-046,1342.33,348
RT-01212,WH-061,WH-027,716.60,195
RT-01213,WH-052,WH-010,464.24,327
 RT-01214 ,WH-051,WH-090,90.83,354
RT-01215,WH-084,WH-028,1169.48,226
RT-01216,WH-060,WH-009,65.85,358
RT-01217,wh-064,WH-026,506.46,236
rt-01218,wh-056,WH-096,,350
RT-01219,WH-071,WH-057,715.10,85
,WH-063,WH-016,83.17,192,
RT-01221, WH-041 ,WH-066,1393.28,349
RT-01222,WH-098,WH-066,673.41,101
RT-01223,WH-024,WH-047,428.06,353
RT-01224,WH-027,WH-093,606.10,213
,WH-090,WH-093,504.25,284
rt-01226,WH-091,WH-004,1278.49,118
RT-01227,WH-070,WH-071,811.88,89
RT-01228,WH-032,WH-046,470.96,34
RT-01229,WH-100,WH-089,892.30,161
RT-01230,WH-074,WH-028,261.56,268
RT-01231,WH-027,WH-076, 965.7710491868505 ,100
RT-01232,WH-042,WH-096,1263.40,239
RT-01233,WH-066,wh-079,629.88,197
RT-01234,WH-044,WH-048,1338.06,193
RT-01235,WH-024,WH-034,58.38,150
RT-01236,WH-066,WH-094,328.68,332
rt-01237,WH-040,WH-060,1388.79,46
RT-01238,WH-023,WH-087,353.38,273
,WH-069,WH-081,707.55,96
RT-01240,WH-097,WH-028,844.46,258
RT-01241,WH-057,WH-093,953.03,327
RT-01242,WH-100,wh-098,,67
RT-01243,WH-032,WH-049,579.48,352
RT-01244,WH-079,WH-037,606.78,100
RT-01245,WH-071,WH-065,1355.16,278
RT-01246,WH-059,WH-039,1216.11,202
RT-01247,WH-035,wh-064,740.87,141
RT-01248,WH-033,WH-008,763.37,314
RT-01249,WH-023,WH-042,1335.15,334
RT-01250, WH-063 ,WH-011,1360.99,57
RT-01251,WH-092,WH-021, 794.0063009999187 ,36
RT-01252,WH-061,WH-073,137.37,59
RT-01253,WH-061,WH-042,1391.83,174
RT-01254,,WH-065,1382.61,27
RT-01255,WH-042,WH-021,1443.49,121
RT-01256,WH-039,WH-091,1191.07,146
RT-01257,WH-095,WH-044,622.44,126
RT-01258,wh-004,WH-041,1126.62,182
RT-01259,WH-087,WH-089,620.80,157
RT-01260,WH-010,WH-009,665.03,174
RT-01261,WH-067,WH-054,743.57,95
RT-01262,WH-078,WH-060,646.98,133
RT-01263,WH-010,WH-005,334.57,24
RT-01264,WH-048,WH-060,1299.81,268
RT-01265,WH-021, WH-091 ,378.74,120
RT-01266,WH-076,WH-053,384.63,145
RT-01267, WH-035 ,WH-072,425.58,79
RT-01268,WH-009,WH-021,584.31,127
RT-01269,WH-087,WH-007, 122.8823392154012 ,174
RT-01270,WH-040,WH-098,1437.81,40
RT-01271,WH-078,wh-013,835.65,165
RT-01272,WH-052,WH-012,802.6613469792572km,264
RT-01273,WH-093,WH-081,,107
RT-01274,WH-054,WH-007,290.97,215
RT-01275,WH-073,WH-025,670.51,203
RT-01276,WH-070,WH-003,921.59,206
RT-01277,WH-005,WH-098,,338
 RT-01278 ,WH-009,WH-085,659.15,61
RT-01279,WH-026,WH-020,379.55,259
RT-01280,WH-002,WH-037,491.46,105
RT-01281,WH-029,WH-006,1244.27,119
RT-01282,WH-100,WH-007,1124.50,87
RT-01283,,WH-039,574.53,334
RT-01284,WH-084,WH-040,453.23,261
RT-01285,WH-078,WH-028,964.22,39
RT-01286,WH-041,WH-010,159.21,337
RT-01287,WH-076,WH-082,625.11,122
,WH-037,WH-077,677.40,196
RT-01289,WH-075,WH-019,1333.36,58
RT-01290,WH-082,WH-048,1025.12,356
RT-01291,WH-023, WH-001 , 1331.6597795695577 ,75
RT-01292,WH-010,WH-046,N/A,280
RT-01293,WH-060,WH-020,923.53,140
RT-01294,WH-088,WH-037,1328.80,231
RT-01295,WH-055,WH-077,731.27,98
RT-01296, WH-084 ,WH-023,229.91,76
RT-01297,WH-056,WH-048,1130.19,42
RT-01298,WH-069,WH-010,494.20,121
RT-01299,WH-008,,749.68,322
 RT-01300 ,WH-035,WH-081,954.55,165
 RT-01301 ,WH-019,WH-087,937.58,33
RT-01302,WH-028,WH-082,914.94,193
RT-01303,WH-094,WH-081,141.93,24
RT-01304, WH-042 ,WH-019, 573.3982210657986 ,343
RT-01305,WH-041,WH-065,null
RT-01306,WH-056,WH-099,743.86,30
RT-01307,WH-013,WH-092,539.38,199
RT-01308,WH-024,WH-092,168.94,172
RT-01309,WH-049,WH-091,747.77,291
RT-01310,WH-025, WH-036 ,279.33,307
RT-01311,WH-083,WH-042,,355
RT-01312,WH-095,WH-022,1170.04,56
RT-01313,WH-080,WH-064, 183.6221217700557 ,106
RT-01314,WH-080,WH-071,601.27,N/A
RT-01315,WH-079,WH-095,,81
RT-01316,WH-034,WH-003,1233.78,264
RT-01317,WH-076,WH-022,315.42,163
RT-01318,WH-043,WH-023,1138.19,133
RT-01319, WH-033 ,WH-031,816.23,82
RT-01320,,WH-052,1274.04,354
RT-01321,WH-010,wh-039,1009.77,28
RT-01322,WH-025,WH-084,129.11,227
RT-01323,WH-064,WH-042,1406.56,247
RT-01324,WH-017,WH-072,963.53,19
RT-01325,WH-047,WH-037,1201.31,33
RT-01326,WH-074,WH-066,N/A,186
RT-01327,WH-074,WH-027,1371.45,71
RT-01328,WH-034,WH-061,452.76,101
RT-01329,wh-038,WH-001,692.96,240
RT-01330,WH-075,WH-089,1115.48,204
RT-01331,WH-006,WH-054,568.62,338
RT-01332,WH-007,WH-076,11.49,186
RT-01333,WH-073,WH-078,1008.25,355
RT-01334,WH-055,WH-038,1266.17,232
rt-01335,WH-066,WH-060,1280.58,324
RT-01336,WH-028,WH-021,1293.86,57
RT-01337,WH-050,WH-055,1108.40,238
RT-01338,WH-092, WH-015 ,784.30,165
RT-01339,WH-047,WH-042,958.12,23

RT-01340,WH-005,WH-087,1107.63,117
RT-01341,WH-014,WH-031, 596.5644074719315 ,147
RT-01342,WH-064,WH-013,595.76,23
RT-01343,WH-067, WH-079 ,455.36,335
RT-01344,wh-015,WH-092,813.02,218
RT-01345,WH-015,wh-043,608.89,86
RT-01346,WH-009,WH-070,550.07,33
RT-01347,WH-024,WH-026,497.96,207
RT-01348,WH-057,WH-032,1063.37,277
RT-01349,WH-058,WH-094,1128.89
rt-01350,WH-099,WH-040,1294.54,147
RT-01351,WH-034,WH-010,1177.44,22
RT-01352,WH-083,WH-059,462.77,156
RT-01353,WH-041,WH-074,861.18,135
,WH-064,WH-097,1017.47,22
RT-01355,WH-069,WH-012,1437.07,15
RT-01356,WH-011,WH-055,319.40,179
RT-01357,WH-040,WH-078,1108.86,324
RT-01358,WH-034,WH-046,488.35,90
RT-01359,WH-017,WH-082,378.87,134
RT-01360,WH-085,WH-028,599.78,107
RT-01361,WH-021,WH-038,1293.00,143
RT-01362,WH-030,WH-020,770.36,250
RT-01363,WH-027,wh-076,1340.31,334
RT-01364,WH-078,WH-053,1414.92,317
rt-01365, WH-031 ,WH-079,307.24,305
RT-01366,WH-056,,782.47,208
RT-01367,WH-055,WH-029,401.89,101
RT-01368,WH-064,WH-098,,54
RT-01369,WH-044,wh-045, 166.40502114269884 ,33
RT-01370,WH-057, WH-001 ,464.27,212
RT-01371,WH-053,WH-079,997.99,268
RT-01372,WH-086,WH-099,340.54,246
RT-01373,WH-078,WH-029,561.15,252

RT-01374,WH-037,WH-036,1061.11,255
RT-01375,WH-047,WH-012,522.45,232
RT-01376,WH-019,WH-073,139.06,199
RT-01377,WH-071,WH-046,636.99,327
RT-01378,WH-022,WH-026,1271.20,63
RT-01379,WH-097,WH-005,1295.70,268
RT-01380,WH-098,WH-035,1237.10,128
RT-01381,WH-014,WH-091,1003.67,223,
RT-01382,WH-007,wh-100,670.19,66
RT-01383,WH-012,wh-018,137.71786579865739km,37
RT-01384,WH-024,WH-016,63.21,179
RT-01385,WH-064,,916.58,347
RT-01386, WH-044 ,WH-065,207.54,19
RT-01387,WH-051, WH-034 ,,184
RT-01388,WH-082,WH-062,523.43,84
RT-01389,WH-045,WH-013,51.47,117
RT-01390,WH-001,WH-045,780.26,34,
RT-01391,WH-086,WH-061,,187
RT-01392,WH-071,WH-024,1347.39,154
RT-01393,WH-006,WH-008,576.70,173
RT-01394,WH-022,WH-011,757.25,175
RT-01395,WH-015,WH-035,1139.99,138
RT-01396,WH-003,WH-036,757.52,165
RT-01397,WH-086,WH-044,1082.19,218
RT-01398,WH-085,WH-028,361.01,209
RT-01399,WH-008,WH-096,36.58,246
RT-01400,WH-073,WH-048,1391.17,221
RT-01401,WH-036, WH-072 , 982.3741017463053 ,93
RT-01402,wh-071,WH-086,1317.44,235
RT-01403,WH-064,WH-003, 1237.680333841914 ,N/A
RT-01404,WH-011,WH-036,648.99,119
rt-01405,WH-045,WH-021,N/A,77
RT-01406,WH-003,WH-098,926.2714991812545km,262
RT-01407,WH-025,WH-044,830.18,67
,WH-090,WH-095,1426.74,256
RT-01409, WH-069 , WH-091 ,683.57,249
RT-01410,WH-099,WH-069,1441.28,242
RT-01411,WH-010,WH-080,521.34,251
,WH-012,WH-078,160.54,26
RT-01413,WH-057,WH-096,1272.87,248
RT-01414,WH-059,WH-069,492.12,208
RT-01415,WH-070,WH-075,16.95,137
RT-01416, WH-044 ,WH-081,1250.53,321
RT-01417,WH-095,WH-082,994.4091735554563km,347
RT-01418,WH-079, WH-088 ,1479.80,128
 RT-01419 ,WH-075,WH-077,997.94,183
RT-01420,WH-059,,1456.78,40
 RT-01421 ,WH-051,WH-011,754.47,126
RT-01422,WH-095,WH-064,N/A,63
,WH-071,,1374.67, 17 
RT-01424,WH-068,WH-080,1377.27,262
RT-01425,wh-084,WH-003,,115
RT-01426,WH-016,WH-002,null,154
RT-01427,WH-046,WH-100,1058.62,221
RT-01428,WH-001,WH-081,1489.16,283
RT-01429,WH-010,WH-076,1047.40,148
RT-01430,WH-079,WH-024,1189.79,358
RT-01431,,WH-059,1280.25,312
RT-01432,WH-034,WH-033,350.49,332
RT-01433,WH-074,WH-038,N/A,333
RT-01434,WH-028,WH-044, 1292.4898803049484 ,251
RT-01435,WH-034,WH-019, 652.5309726695866 ,331
RT-01436,WH-006,wh-094,228.82,346
RT-01437,wh-031,WH-078,775.07,61
RT-01438,WH-043,WH-015,1493.11,281
RT-01439,WH-006,WH-063,495.67,56
RT-01440,WH-067, WH-092 ,688.11,56
RT-01441,WH-026,WH-045,713.69,218
RT-01442,WH-023,WH-025,239.96,43
rt-01443,WH-093,WH-063,1006.62,307
RT-01444,WH-054,WH-094,1471.93,279

RT-01445, WH-026 ,WH-006,437.19,250
RT-01446,WH-073,WH-001,249.50,177
RT-01447,WH-084,WH-022,904.06, 309 
RT-01448,WH-034,WH-052,172.92,281
RT-01449,WH-046,WH-026,373.92,20
RT-01450,WH-002,WH-020,1368.15,28
rt-01451,WH-060,WH-011,958.27,270
RT-01452,wh-010,wh-086,340.43,139
RT-01453,WH-013,WH-014, 821.6366528673036 ,167
RT-01454,WH-047,WH-021,1176.31,298
RT-01455,WH-039,WH-001,1377.32,76
 RT-01456 ,WH-072,WH-073,282.89,251
RT-01457,WH-009,WH-080,574.01,239,
RT-01458,WH-036,WH-073,null,203
RT-01459,WH-002,,510.09,325
RT-01460,WH-051,WH-066,992.29,N/A
RT-01461,WH-009,WH-030,
RT-01462,WH-062,WH-003,1035.81,56
rt-01463, WH-100 ,WH-008,392.75,309
RT-01464,,WH-011,10.23,119
rt-01465,WH-059,WH-032,501.61,56
RT-01466,WH-026,WH-033,699.45,217
RT-01467,WH-035,WH-094,71.08,357
RT-01468,WH-056,WH-071,847.26,47
RT-01469,WH-065,WH-052,1122.43,313
RT-01470,WH-056,WH-006,1387.57,36
RT-01471,WH-093,WH-010,339.57,226
RT-01472,WH-047,,943.79
RT-01473,WH-004,WH-085,942.88,77
RT-01474,WH-091,WH-082,820.40,172
RT-01475,WH-035,WH-091,712.60,178
RT-01476,wh-063,WH-093,145.77,285
RT-01477,WH-016,WH-093,130.91,250
RT-01478, WH-063 ,WH-074,1025.90,335,
RT-01479,WH-062,WH-073,640.22,147
rt-01480,WH-091,WH-088,349.59,194

RT-01481,WH-040,WH-053,1208.30,207
RT-01482,WH-020,WH-089,716.96,29
, WH-090 ,WH-064,1037.82,17
RT-01484,WH-022,wh-068,142.76,171
RT-01485, WH-002 ,WH-090,1386.63,189
RT-01486,WH-020,WH-098,795.50,188
RT-01487,WH-026,WH-022,883.18,50
RT-01488,WH-008,WH-070,1100.06,97
RT-01489,WH-039, WH-028 ,1264.55,192
RT-01490,wh-073,WH-019,1410.93,269
RT-01491,WH-072,WH-086,1494.06,344
RT-01492,WH-052,wh-046,325.76,42
RT-01493,WH-031,WH-023,795.87,234
RT-01494,WH-052,WH-020,967.18,167
RT-01495,WH-059,WH-077,645.44,156
rt-01496,,WH-066,104.33,256
rt-01497,WH-053,WH-099,818.30,113
RT-01498,,WH-079,418.86,23
RT-01499, WH-082 ,WH-077,1425.99,37
RT-01500,WH-058,WH-067,799.52,200
